Origin,Dest
ABE,EWR
ABE,ORD
ABE,ATL
ABE,DTW
ABI,DFW
ABQ,ATL
ABQ,BWI
ABQ,ORD
ABQ,DAL
ABQ,OAK
ABQ,MCI
ABQ,MDW
ABQ,PDX
ABQ,SAN
ABQ,MCO
ABQ,HOU
ABQ,LAS
ABQ,SAF
ABQ,SFO
ABQ,SEA
ABQ,JFK
ABQ,AUS
ABQ,MSP
ABQ,DEN
ABQ,DFW
ABQ,LAX
ABQ,PHX
ABQ,SLC
ABQ,IAH
ABR,MSP
ABY,ATL
ACK,DCA
ACK,JFK
ACK,BOS
ACT,DEN
ACT,DFW
ACV,SFO
ACY,RSW
ACY,TPA
ACY,MYR
ACY,FLL
ACY,ATL
ACY,BOS
ACY,ORD
ACY,PBI
ACY,DTW
ACY,MCO
ADK,ANC
ADQ,ANC
AEX,DFW
AEX,ATL
AEX,IAH
AGS,ATL
AGS,LGA
AKN,ANC
ALB,ORD
ALB,MDW
ALB,MSP
ALB,DTW
ALB,LAS
ALB,BWI
ALB,DEN
ALB,TPA
ALB,ATL
ALB,MCO
ALB,FLL
ALB,EWR
ALB,MHT
ALB,CLT
ALB,RSW
AMA,DAL
AMA,DFW
AMA,IAH
AMA,DEN
AMA,LAS
ANC,ATL
ANC,PDX
ANC,ADK
ANC,ADQ
ANC,HNL
ANC,SEA
ANC,LGB
ANC,ORD
ANC,LAS
ANC,CDV
ANC,FAI
ANC,BET
ANC,KOA
ANC,DLG
ANC,AKN
ANC,MSP
ANC,GEG
ANC,DEN
ANC,DFW
ANC,IAH
ANC,SLC
ANC,SFO
ANC,OGG
ANC,LAX
ANC,OME
ANC,OTZ
ANC,PHX
ANC,JNU
ANC,SCC
ANC,EWR
ANC,BRW
APN,DTW
APN,PLN
ASE,DEN
ASE,LAX
ASE,ATL
ASE,SFO
ASE,SLC
ASE,DFW
ASE,MSP
ASE,ORD
ASE,IAH
ATL,LAS
ATL,SCE
ATL,ECP
ATL,OMA
ATL,PHF
ATL,BZN
ATL,EWN
ATL,LNK
ATL,OKC
ATL,TRI
ATL,GPT
ATL,DTW
ATL,STL
ATL,MCI
ATL,MSP
ATL,MEM
ATL,RST
ATL,MLB
ATL,SLC
ATL,ABY
ATL,AUS
ATL,ATW
ATL,GSP
ATL,GNV
ATL,GRR
ATL,BOS
ATL,CLE
ATL,SDF
ATL,PVD
ATL,CHS
ATL,VPS
ATL,ELM
ATL,MCO
ATL,DAL
ATL,JAX
ATL,GRB
ATL,ABQ
ATL,SAN
ATL,PWM
ATL,DCA
ATL,CHA
ATL,BDL
ATL,FLL
ATL,EWR
ATL,DAB
ATL,BUF
ATL,EGE
ATL,PDX
ATL,SAV
ATL,SNA
ATL,AVP
ATL,ORD
ATL,HOU
ATL,ELP
ATL,PIT
ATL,RDU
ATL,JFK
ATL,DEN
ATL,AGS
ATL,MKE
ATL,BNA
ATL,MDT
ATL,ICT
ATL,COS
ATL,EYW
ATL,ACY
ATL,LEX
ATL,SMF
ATL,LAX
ATL,DAY
ATL,PBI
ATL,SAT
ATL,SFO
ATL,CHO
ATL,RIC
ATL,BHM
ATL,TPA
ATL,EVV
ATL,ALB
ATL,CVG
ATL,BWI
ATL,AEX
ATL,FNT
ATL,SJC
ATL,TYS
ATL,HSV
ATL,MYR
ATL,TUL
ATL,PIA
ATL,JAN
ATL,RAP
ATL,FCA
ATL,RSW
ATL,FAR
ATL,MHT
ATL,TVC
ATL,ROC
ATL,JAC
ATL,BTR
ATL,BTV
ATL,MIA
ATL,MSO
ATL,OAK
ATL,TTN
ATL,DSM
ATL,RNO
ATL,FSD
ATL,ABE
ATL,XNA
ATL,BMI
ATL,MSN
ATL,PHL
ATL,SHV
ATL,HDN
ATL,MOB
ATL,CRW
ATL,CAE
ATL,AVL
ATL,TLH
ATL,FWA
ATL,SEA
ATL,SBN
ATL,ASE
ATL,OAJ
ATL,VLD
ATL,PHX
ATL,LIT
ATL,CID
ATL,BQK
ATL,ANC
ATL,DHN
ATL,STX
ATL,STT
ATL,CAK
ATL,MLU
ATL,ORF
ATL,IAD
ATL,ROA
ATL,SJU
ATL,IND
ATL,LGA
ATL,DFW
ATL,CSG
ATL,CMH
ATL,MSY
ATL,MDW
ATL,FAY
ATL,ILM
ATL,MGM
ATL,LFT
ATL,MTJ
ATL,HPN
ATL,SRQ
ATL,FSM
ATL,PNS
ATL,TUS
ATL,IAH
ATL,GRK
ATL,GSO
ATL,CLT
ATL,HNL
ATL,GTR
ATL,MLI
ATL,SGF
ATL,SYR
ATW,DTW
ATW,MSP
ATW,ATL
ATW,ORD
AUS,MSY
AUS,MCO
AUS,IAD
AUS,LGB
AUS,MEM
AUS,EWR
AUS,BOS
AUS,BNA
AUS,BWI
AUS,DAL
AUS,FLL
AUS,DCA
AUS,ELP
AUS,PHX
AUS,HRL
AUS,LBB
AUS,MDW
AUS,TPA
AUS,STL
AUS,SNA
AUS,SJC
AUS,SAN
AUS,CLT
AUS,OAK
AUS,HOU
AUS,ATL
AUS,SLC
AUS,DFW
AUS,LAS
AUS,DTW
AUS,PDX
AUS,ORD
AUS,JFK
AUS,SEA
AUS,MSP
AUS,PHL
AUS,IAH
AUS,MIA
AUS,DEN
AUS,SFO
AUS,LAX
AUS,ABQ
AVL,ORD
AVL,ATL
AVL,EWR
AVL,LGA
AVP,DTW
AVP,ATL
AVP,EWR
AVP,ORD
AZO,ORD
AZO,DTW
AZO,MSP
BDL,MIA
BDL,DCA
BDL,CLE
BDL,EWR
BDL,RSW
BDL,MCO
BDL,DEN
BDL,MDW
BDL,SJU
BDL,FLL
BDL,PBI
BDL,IAD
BDL,CLT
BDL,DFW
BDL,BWI
BDL,DTW
BDL,PHL
BDL,RDU
BDL,ATL
BDL,ORD
BDL,MSP
BDL,LAS
BDL,LAX
BDL,TPA
BET,ANC
BFL,SFO
BFL,PHX
BFL,IAH
BFL,DEN
BGM,DTW
BGR,LGA
BGR,DTW
BGR,EWR
BHM,PHX
BHM,TPA
BHM,DEN
BHM,BWI
BHM,ORD
BHM,IAH
BHM,DAL
BHM,DFW
BHM,HOU
BHM,LAS
BHM,DTW
BHM,ATL
BHM,MCO
BHM,MDW
BHM,LGA
BIL,DEN
BIL,MSP
BIL,SEA
BIL,SLC
BIL,COD
BIL,ORD
BIS,MSP
BIS,DVL
BIS,DEN
BJI,MSP
BLI,HNL
BLI,OGG
BLI,LAS
BLI,KOA
BLI,SEA
BMI,MSP
BMI,DTW
BMI,ATL
BNA,IAH
BNA,ORD
BNA,SEA
BNA,SLC
BNA,CVG
BNA,MSP
BNA,DTW
BNA,DEN
BNA,DFW
BNA,RSW
BNA,MDW
BNA,DAL
BNA,PHX
BNA,HOU
BNA,JAX
BNA,LAS
BNA,SFO
BNA,PHL
BNA,CLT
BNA,LGA
BNA,MCI
BNA,FLL
BNA,MSY
BNA,PNS
BNA,MIA
BNA,MCO
BNA,RDU
BNA,SAN
BNA,SAT
BNA,STL
BNA,TPA
BNA,PIT
BNA,EWR
BNA,ATL
BNA,ECP
BNA,BWI
BNA,CHS
BNA,CLE
BNA,CMH
BNA,BOS
BNA,AUS
BNA,DCA
BNA,OAK
BNA,LAX
BOI,IAH
BOI,SMF
BOI,SLC
BOI,MDW
BOI,SAN
BOI,ORD
BOI,SFO
BOI,LAX
BOI,SEA
BOI,SJC
BOI,GEG
BOI,PDX
BOI,LAS
BOI,PHX
BOI,MSP
BOI,OAK
BOI,DFW
BOI,DEN
BOI,SUN
BOS,MYR
BOS,HOU
BOS,SJC
BOS,CVG
BOS,RSW
BOS,DEN
BOS,IAD
BOS,LAS
BOS,MCO
BOS,SFO
BOS,DCA
BOS,ORD
BOS,CLE
BOS,LAX
BOS,SJU
BOS,TPA
BOS,PBI
BOS,BWI
BOS,SRQ
BOS,STT
BOS,JFK
BOS,MSN
BOS,BUF
BOS,AUS
BOS,FLL
BOS,RDU
BOS,CHS
BOS,SLC
BOS,MKE
BOS,EWR
BOS,SAV
BOS,MSP
BOS,LGA
BOS,PDX
BOS,SEA
BOS,MIA
BOS,SAN
BOS,STL
BOS,MVY
BOS,SMF
BOS,OAK
BOS,DFW
BOS,ACK
BOS,MSY
BOS,LGB
BOS,RIC
BOS,IAH
BOS,ATL
BOS,ACY
BOS,MDW
BOS,PHX
BOS,PHL
BOS,PIT
BOS,JAX
BOS,DAL
BOS,DTW
BOS,CLT
BOS,MCI
BOS,CMH
BOS,BNA
BOS,IND
BPT,DFW
BQK,ATL
BQN,EWR
BQN,MCO
BQN,FLL
BQN,JFK
BRD,MSP
BRO,IAH
BRO,DFW
BRW,ANC
BRW,SCC
BRW,FAI
BTM,SLC
BTR,DFW
BTR,DCA
BTR,IAH
BTR,JAN
BTR,ATL
BTV,ATL
BTV,EWR
BTV,ORD
BTV,LGA
BTV,DTW
BTV,JFK
BTV,DCA
BUF,PHX
BUF,MDW
BUF,LAS
BUF,BWI
BUF,MSP
BUF,ORD
BUF,DTW
BUF,PHL
BUF,LAX
BUF,BOS
BUF,CLT
BUF,DEN
BUF,MCO
BUF,LGA
BUF,EWR
BUF,TPA
BUF,RSW
BUF,JFK
BUF,ATL
BUF,FLL
BUR,JFK
BUR,SMF
BUR,SJC
BUR,PHX
BUR,OAK
BUR,SFO
BUR,SLC
BUR,DAL
BUR,PDX
BUR,SEA
BUR,LAS
BUR,DEN
BWI,LAX
BWI,RDU
BWI,SEA
BWI,PWM
BWI,JAX
BWI,PVD
BWI,ISP
BWI,PIT
BWI,PBI
BWI,LIT
BWI,MKE
BWI,MDW
BWI,OKC
BWI,MEM
BWI,TPA
BWI,MHT
BWI,PHL
BWI,ROC
BWI,RSW
BWI,SAN
BWI,STL
BWI,OAK
BWI,MSY
BWI,SAT
BWI,SDF
BWI,MCI
BWI,SJU
BWI,ORF
BWI,HOU
BWI,SMF
BWI,DTW
BWI,EWR
BWI,MSP
BWI,CLT
BWI,MCO
BWI,PDX
BWI,SFO
BWI,DFW
BWI,SLC
BWI,ATL
BWI,MIA
BWI,IND
BWI,ECP
BWI,CVG
BWI,PHX
BWI,DEN
BWI,FLL
BWI,LAS
BWI,MYR
BWI,BOS
BWI,GSP
BWI,GRR
BWI,FNT
BWI,ORD
BWI,DAY
BWI,DAL
BWI,CMH
BWI,CLE
BWI,CHS
BWI,SJC
BWI,BNA
BWI,BUF
BWI,IAH
BWI,BDL
BWI,AUS
BWI,ALB
BWI,ABQ
BWI,BHM
BZN,MSP
BZN,SEA
BZN,SLC
BZN,PDX
BZN,SFO
BZN,ATL
BZN,IAH
BZN,DEN
BZN,LGA
BZN,LAX
BZN,ORD
BZN,EWR
CAE,IAH
CAE,ORD
CAE,DFW
CAE,ATL
CAE,LGA
CAK,EWR
CAK,LAS
CAK,MCO
CAK,ATL
CAK,TYS
CAK,RSW
CAK,FLL
CAK,TPA
CAK,ORD
CAK,DTW
CDC,SLC
CDV,YAK
CDV,ANC
CHA,DTW
CHA,DFW
CHA,ATL
CHA,EWR
CHA,ORD
CHO,ATL
CHO,LGA
CHO,ORD
CHS,CLE
CHS,FLL
CHS,IAD
CHS,EWR
CHS,CLT
CHS,LGA
CHS,MDW
CHS,DCA
CHS,SEA
CHS,HOU
CHS,DTW
CHS,IAH
CHS,BWI
CHS,BNA
CHS,DEN
CHS,ATL
CHS,JFK
CHS,ORD
CHS,DAL
CHS,BOS
CHS,PHL
CID,DTW
CID,MSP
CID,ORD
CID,ATL
CID,DEN
CIU,PLN
CIU,DTW
CLE,RSW
CLE,BOS
CLE,EWR
CLE,FLL
CLE,DTW
CLE,SFO
CLE,SJU
CLE,TPA
CLE,DEN
CLE,MDW
CLE,BWI
CLE,MCO
CLE,BNA
CLE,LAS
CLE,ATL
CLE,ORD
CLE,IAH
CLE,LAX
CLE,RDU
CLE,BDL
CLE,MYR
CLE,CLT
CLE,DFW
CLE,JFK
CLE,MKE
CLE,PHX
CLE,CRW
CLE,LGA
CLE,PHL
CLE,STL
CLE,DCA
CLE,CHS
CLE,ERI
CLE,MSP
CLE,SEA
CLE,PDX
CLE,ABE
CLL,IAH
CLL,DFW
CLT,GSO
CLT,PHX
CLT,HOU
CLT,ILM
CLT,RSW
CLT,DFW
CLT,DAL
CLT,RIC
CLT,TPA
CLT,PBI
CLT,PWM
CLT,ROC
CLT,PHL
CLT,FLL
CLT,CVG
CLT,SDF
CLT,CHS
CLT,JFK
CLT,PDX
CLT,STX
CLT,LAX
CLT,IAH
CLT,SYR
CLT,BHM
CLT,MDT
CLT,AUS
CLT,DEN
CLT,ALB
CLT,SMF
CLT,SEA
CLT,CLE
CLT,DCA
CLT,BUF
CLT,BNA
CLT,BDL
CLT,STT
CLT,LAS
CLT,STL
CLT,BOS
CLT,MSY
CLT,MSP
CLT,MCO
CLT,MIA
CLT,SAT
CLT,ATL
CLT,LGA
CLT,RDU
CLT,PVD
CLT,MDW
CLT,SLC
CLT,SFO
CLT,IND
CLT,EWR
CLT,SAN
CLT,MEM
CLT,TTN
CLT,MCI
CLT,ORF
CLT,JAX
CLT,PIT
CLT,DTW
CLT,SJC
CLT,BWI
CLT,DAB
CLT,IAD
CLT,OAK
CLT,ORD
CLT,CMH
CLT,SJU
CMH,IAH
CMH,PHL
CMH,OKC
CMH,CLT
CMH,ORD
CMH,PHX
CMH,CRW
CMH,DEN
CMH,LGA
CMH,MIA
CMH,RSW
CMH,ATL
CMH,EWR
CMH,DFW
CMH,OAK
CMH,MDW
CMH,MCO
CMH,STL
CMH,LAS
CMH,DTW
CMH,FLL
CMH,DCA
CMH,DAL
CMH,LAX
CMH,BOS
CMH,BNA
CMH,TPA
CMH,MSP
CMH,BWI
CMX,ORD
COD,SLC
COD,ORD
COD,DEN
COS,SEA
COS,SLC
COS,DEN
COS,ATL
COS,DFW
COS,LAX
COS,PHX
COS,MCO
COS,LAS
COS,IAH
COS,ORD
CPR,DEN
CPR,SLC
CRP,IAH
CRP,DFW
CRP,HOU
CRW,ATL
CRW,ORD
CRW,MYR
CRW,IAH
CSG,ATL
CVG,MEM
CVG,MSP
CVG,XNA
CVG,MCO
CVG,LAX
CVG,MKE
CVG,CMH
CVG,DTW
CVG,IAH
CVG,SLC
CVG,PHX
CVG,RSW
CVG,CLT
CVG,LAS
CVG,DEN
CVG,MCI
CVG,FLL
CVG,SFO
CVG,TPA
CVG,RDU
CVG,BOS
CVG,DFW
CVG,BWI
CVG,SEA
CVG,LGA
CVG,DCA
CVG,ORD
CVG,EWR
CVG,ATL
CVG,STL
CVG,PHL
CVG,BNA
CVG,JFK
CWA,MSP
CWA,ORD
CWA,CMX
CWA,DTW
DAB,ATL
DAB,JFK
DAB,CLT
DAL,TUL
DAL,TPA
DAL,BOS
DAL,DEN
DAL,LGA
DAL,SFO
DAL,ATL
DAL,LAS
DAL,BHM
DAL,AUS
DAL,LAX
DAL,DCA
DAL,STL
DAL,AMA
DAL,ABQ
DAL,BNA
DAL,SNA
DAL,PIT
DAL,CMH
DAL,PHL
DAL,PDX
DAL,OMA
DAL,OKC
DAL,MSY
DAL,MKE
DAL,MEM
DAL,MDW
DAL,MCO
DAL,MCI
DAL,MAF
DAL,LIT
DAL,LBB
DAL,IND
DAL,ICT
DAL,HOU
DAL,FLL
DAL,CLT
DAL,ELP
DAL,DTW
DAL,RSW
DAL,PHX
DAL,CHS
DAL,OAK
DAL,BWI
DAL,SMF
DAL,PNS
DAL,SLC
DAL,ECP
DAL,RDU
DAL,SJC
DAL,SEA
DAL,BUR
DAL,SAN
DAL,SAT
DAY,MSP
DAY,MDW
DAY,TPA
DAY,DFW
DAY,DEN
DAY,DTW
DAY,MCO
DAY,EWR
DAY,ATL
DAY,BWI
DAY,ORD
DCA,OMA
DCA,JFK
DCA,PHX
DCA,ATL
DCA,MSP
DCA,DAL
DCA,LAS
DCA,LAX
DCA,EWR
DCA,ACK
DCA,SLC
DCA,IAH
DCA,BTR
DCA,SJU
DCA,ORD
DCA,SFO
DCA,MIA
DCA,PWM
DCA,FLL
DCA,CLT
DCA,PIT
DCA,TYS
DCA,STL
DCA,AUS
DCA,MSY
DCA,MKE
DCA,BOS
DCA,LGA
DCA,CHS
DCA,JAX
DCA,BTV
DCA,PVD
DCA,SEA
DCA,MCO
DCA,MCI
DCA,CLE
DCA,BNA
DCA,BDL
DCA,MDW
DCA,PBI
DCA,DFW
DCA,PHL
DCA,DTW
DCA,CMH
DCA,HOU
DCA,CVG
DCA,RSW
DCA,TPA
DCA,PDX
DCA,DEN
DCA,IND
DEN,LNK
DEN,LAR
DEN,XNA
DEN,EUG
DEN,MCO
DEN,IAH
DEN,SEA
DEN,AUS
DEN,RNO
DEN,IAD
DEN,GRR
DEN,BWI
DEN,ASE
DEN,MEM
DEN,IND
DEN,EWR
DEN,MKE
DEN,TUL
DEN,LAX
DEN,ANC
DEN,PHL
DEN,IDA
DEN,SAT
DEN,HLN
DEN,BNA
DEN,ISN
DEN,SMF
DEN,JMS
DEN,RDM
DEN,STL
DEN,CVG
DEN,GSO
DEN,MSN
DEN,RDU
DEN,TYS
DEN,LIT
DEN,LGA
DEN,OMA
DEN,SUN
DEN,CMH
DEN,BUR
DEN,DSM
DEN,FAT
DEN,MFR
DEN,JAC
DEN,GEG
DEN,FCA
DEN,CLE
DEN,SDF
DEN,CLT
DEN,ORD
DEN,COD
DEN,TPA
DEN,OGG
DEN,BZN
DEN,BOS
DEN,BHM
DEN,SAN
DEN,ONT
DEN,MOT
DEN,FLL
DEN,RIC
DEN,MCI
DEN,BIL
DEN,ELP
DEN,MTJ
DEN,SJC
DEN,CPR
DEN,DFW
DEN,GJT
DEN,COS
DEN,BDL
DEN,MSY
DEN,LBB
DEN,JAX
DEN,ATL
DEN,PBI
DEN,BFL
DEN,LAS
DEN,HOU
DEN,MSP
DEN,SLC
DEN,GUC
DEN,DTW
DEN,EGE
DEN,OTH
DEN,MSO
DEN,FSD
DEN,FAR
DEN,MIA
DEN,PSP
DEN,TUS
DEN,ACT
DEN,CID
DEN,DAL
DEN,RAP
DEN,ICT
DEN,GTF
DEN,BOI
DEN,BIS
DEN,OAK
DEN,HDN
DEN,MDW
DEN,SHV
DEN,AMA
DEN,MAF
DEN,SFO
DEN,PHX
DEN,ALB
DEN,OKC
DEN,DAY
DEN,MLI
DEN,PSC
DEN,DCA
DEN,SGU
DEN,RSW
DEN,SBA
DEN,SGF
DEN,PDX
DEN,JFK
DEN,SNA
DEN,MMH
DEN,LIH
DEN,BUF
DEN,GCC
DEN,RKS
DEN,ABQ
DEN,KOA
DEN,PIT
DEN,HNL
DEN,CHS
DEN,HYS
DEN,DRO
DEN,ORF
DFW,MGM
DFW,PIB
DFW,KOA
DFW,MIA
DFW,MAF
DFW,TYR
DFW,DSM
DFW,LAW
DFW,STL
DFW,OMA
DFW,MFE
DFW,CLE
DFW,GGG
DFW,SPI
DFW,BTR
DFW,ASE
DFW,PSP
DFW,PBI
DFW,MLU
DFW,SHV
DFW,GSP
DFW,TYS
DFW,BHM
DFW,LAS
DFW,ABQ
DFW,DAY
DFW,GRK
DFW,SDF
DFW,CAE
DFW,SLC
DFW,DRO
DFW,EGE
DFW,JLN
DFW,CRP
DFW,TPA
DFW,LBB
DFW,GPT
DFW,IAD
DFW,BRO
DFW,TUL
DFW,ORF
DFW,ANC
DFW,OKC
DFW,SMF
DFW,ORD
DFW,SNA
DFW,TUS
DFW,ONT
DFW,PHX
DFW,BNA
DFW,LCH
DFW,GRI
DFW,SAT
DFW,ELP
DFW,MOB
DFW,SFO
DFW,ABI
DFW,MHK
DFW,BOS
DFW,LAX
DFW,SJC
DFW,LGA
DFW,PDX
DFW,DCA
DFW,MCO
DFW,GCK
DFW,SEA
DFW,RIC
DFW,RSW
DFW,PHL
DFW,IAH
DFW,BOI
DFW,CLT
DFW,RNO
DFW,AEX
DFW,FLL
DFW,VPS
DFW,OAK
DFW,PIT
DFW,MYR
DFW,MSY
DFW,JAX
DFW,XNA
DFW,MKE
DFW,CVG
DFW,SAN
DFW,ACT
DFW,COS
DFW,RDU
DFW,JFK
DFW,AUS
DFW,MSP
DFW,AMA
DFW,EWR
DFW,CLL
DFW,HNL
DFW,MCI
DFW,LIT
DFW,IND
DFW,OGG
DFW,GUC
DFW,DEN
DFW,BWI
DFW,ATL
DFW,DTW
DFW,JAC
DFW,ECP
DFW,TXK
DFW,ROW
DFW,HDN
DFW,CMH
DFW,PNS
DFW,SJU
DFW,PIA
DFW,LFT
DFW,HSV
DFW,ICT
DFW,BPT
DFW,TLH
DFW,BDL
DFW,MTJ
DFW,CHA
DFW,FAT
DFW,SJT
DFW,MEI
DFW,JAN
DFW,LRD
DFW,SAF
DFW,MEM
DFW,SPS
DFW,HOU
DFW,FSM
DHN,ATL
DLG,ANC
DLH,ORD
DLH,MSP
DRO,PHX
DRO,DFW
DRO,LAX
DRO,DEN
DSM,EWR
DSM,MCO
DSM,DEN
DSM,DFW
DSM,DTW
DSM,PHX
DSM,IAH
DSM,MSP
DSM,SLC
DSM,ORD
DSM,ATL
DSM,MDW
DSM,STL
DSM,LAS
DTW,AVP
DTW,SFO
DTW,RSW
DTW,LAN
DTW,EVV
DTW,PIA
DTW,HPN
DTW,MEM
DTW,BGM
DTW,MDT
DTW,AUS
DTW,ALB
DTW,OKC
DTW,BWI
DTW,SRQ
DTW,CLE
DTW,SAN
DTW,LIT
DTW,CIU
DTW,PHX
DTW,ROC
DTW,MQT
DTW,PHL
DTW,BTV
DTW,TTN
DTW,DEN
DTW,ORF
DTW,MDW
DTW,SJU
DTW,LAS
DTW,LEX
DTW,MIA
DTW,CHA
DTW,LAX
DTW,ELM
DTW,CVG
DTW,GSP
DTW,CWA
DTW,TPA
DTW,PWM
DTW,SDF
DTW,SBN
DTW,ESC
DTW,MLI
DTW,MHT
DTW,IAD
DTW,LGA
DTW,PLN
DTW,RDU
DTW,DAY
DTW,DSM
DTW,SYR
DTW,JAX
DTW,ITH
DTW,BUF
DTW,ERI
DTW,MSN
DTW,BMI
DTW,ATW
DTW,MSP
DTW,MCO
DTW,ATL
DTW,SAT
DTW,MBS
DTW,PVD
DTW,GSO
DTW,EWR
DTW,BNA
DTW,DAL
DTW,TYS
DTW,PIT
DTW,BHM
DTW,OMA
DTW,STL
DTW,GRB
DTW,CAK
DTW,SCE
DTW,MKE
DTW,PBI
DTW,SAV
DTW,MCI
DTW,DFW
DTW,GRR
DTW,BDL
DTW,TVC
DTW,RIC
DTW,AZO
DTW,APN
DTW,ORD
DTW,TUL
DTW,BGR
DTW,BOS
DTW,SEA
DTW,FWA
DTW,ACY
DTW,IND
DTW,CLT
DTW,ABE
DTW,CHS
DTW,MYR
DTW,FLL
DTW,CID
DTW,CMH
DTW,DCA
DTW,MSY
DTW,PDX
DTW,JFK
DTW,SLC
DTW,HSV
DTW,IAH
DVL,JMS
DVL,DEN
EAU,ORD
ECP,BNA
ECP,IAH
ECP,STL
ECP,DAL
ECP,HOU
ECP,BWI
ECP,ATL
EGE,IAD
EGE,PHX
EGE,JFK
EGE,MIA
EGE,IAH
EGE,EWR
EGE,ATL
EGE,DEN
EGE,ORD
EGE,LAX
EGE,DFW
EKO,SLC
ELM,ATL
ELM,ORD
ELM,DTW
ELP,DFW
ELP,DAL
ELP,HOU
ELP,DEN
ELP,AUS
ELP,ATL
ELP,LAS
ELP,LAX
ELP,SAT
ELP,IAH
ELP,PHX
ERI,ORD
ERI,DTW
ESC,DTW
EUG,SLC
EUG,LAX
EUG,SGU
EUG,TUS
EUG,DEN
EUG,SFO
EVV,DTW
EVV,ORD
EVV,ATL
EWN,ATL
EWR,MSN
EWR,CVG
EWR,STL
EWR,MDW
EWR,BWI
EWR,CHS
EWR,ROC
EWR,HOU
EWR,SEA
EWR,BNA
EWR,GRR
EWR,TYS
EWR,SBN
EWR,CHA
EWR,PIT
EWR,SYR
EWR,TVC
EWR,SAV
EWR,PWM
EWR,JAX
EWR,DCA
EWR,MEM
EWR,FLL
EWR,BGR
EWR,GSP
EWR,TPA
EWR,ALB
EWR,OMA
EWR,CAK
EWR,RIC
EWR,PVD
EWR,AVP
EWR,CMH
EWR,FNT
EWR,PBI
EWR,LEX
EWR,ANC
EWR,MCO
EWR,FWA
EWR,ORF
EWR,GSO
EWR,IND
EWR,MHT
EWR,ATL
EWR,ORD
EWR,AUS
EWR,BDL
EWR,DSM
EWR,LAS
EWR,RSW
EWR,SRQ
EWR,SAT
EWR,EGE
EWR,DTW
EWR,PHX
EWR,CLT
EWR,HNL
EWR,DFW
EWR,BZN
EWR,SLC
EWR,MTJ
EWR,HDN
EWR,MSY
EWR,MIA
EWR,BOS
EWR,SFO
EWR,IAH
EWR,MCI
EWR,MSP
EWR,BQN
EWR,IAD
EWR,SNA
EWR,MKE
EWR,AVL
EWR,MYR
EWR,DEN
EWR,DAY
EWR,PDX
EWR,RDU
EWR,OKC
EWR,XNA
EWR,SAN
EWR,SDF
EWR,LAX
EWR,CLE
EWR,SJU
EWR,STT
EWR,BTV
EWR,BUF
EWR,JAC
EYW,ATL
FAI,MSP
FAI,SEA
FAI,ORD
FAI,ANC
FAR,ORD
FAR,JMS
FAR,MSP
FAR,DEN
FAR,ATL
FAT,SEA
FAT,SLC
FAT,PHX
FAT,SFO
FAT,SAN
FAT,DEN
FAT,LAX
FAT,PDX
FAT,DFW
FAY,ATL
FCA,MSP
FCA,SLC
FCA,ATL
FCA,LAX
FCA,DEN
FCA,ORD
FCA,SFO
FLG,PHX
FLL,STL
FLL,CLT
FLL,MCI
FLL,MDW
FLL,SEA
FLL,TTN
FLL,MKE
FLL,SYR
FLL,BNA
FLL,ISP
FLL,MYR
FLL,RSW
FLL,OKC
FLL,IAH
FLL,TPA
FLL,CMH
FLL,DAL
FLL,DFW
FLL,BDL
FLL,MCO
FLL,MSY
FLL,DEN
FLL,BOS
FLL,HOU
FLL,IND
FLL,AUS
FLL,LBE
FLL,EWR
FLL,SWF
FLL,BUF
FLL,ORH
FLL,CAK
FLL,HPN
FLL,DCA
FLL,SJU
FLL,PHX
FLL,CVG
FLL,ATL
FLL,DTW
FLL,PBG
FLL,JFK
FLL,JAX
FLL,PVD
FLL,RIC
FLL,MSP
FLL,RDU
FLL,CHS
FLL,STT
FLL,LAS
FLL,PIT
FLL,ACY
FLL,SFO
FLL,MHT
FLL,ALB
FLL,SAN
FLL,PHL
FLL,IAG
FLL,CLE
FLL,BQN
FLL,LGA
FLL,IAD
FLL,ORD
FLL,LAX
FLL,BWI
FNT,LAS
FNT,MDW
FNT,EWR
FNT,MCO
FNT,TPA
FNT,BWI
FNT,ORD
FNT,ATL
FNT,RSW
FNT,MSP
FSD,DVL
FSD,ATL
FSD,DEN
FSD,MSP
FSD,ORD
FSM,DFW
FSM,ATL
FWA,MSP
FWA,ORD
FWA,ATL
FWA,DTW
FWA,EWR
GCC,DEN
GCC,SLC
GCK,HYS
GCK,DFW
GEG,LWS
GEG,MDW
GEG,SLC
GEG,PHX
GEG,BOI
GEG,ANC
GEG,SEA
GEG,LAX
GEG,OAK
GEG,LAS
GEG,MSP
GEG,DEN
GFK,MSP
GGG,DFW
GJT,PHX
GJT,DEN
GJT,IAH
GJT,SLC
GNV,ATL
GPT,ATL
GPT,IAH
GPT,DFW
GRB,CMX
GRB,MSY
GRB,DTW
GRB,MSP
GRB,ORD
GRB,ATL
GRB,ATW
GRI,DFW
GRK,DFW
GRK,IAH
GRK,ATL
GRR,MDW
GRR,BWI
GRR,MCO
GRR,STL
GRR,ATL
GRR,RSW
GRR,TPA
GRR,LGA
GRR,IAH
GRR,DTW
GRR,MSP
GRR,EWR
GRR,ORD
GRR,DEN
GSO,LGA
GSO,DTW
GSO,EWR
GSO,ORD
GSO,ROA
GSO,ATL
GSO,DEN
GSO,CLT
GSP,IAH
GSP,EWR
GSP,MDW
GSP,ATL
GSP,DFW
GSP,BWI
GSP,DTW
GSP,LGA
GSP,HOU
GSP,ORD
GST,JNU
GTF,ORD
GTF,MSP
GTF,SLC
GTF,DEN
GTR,ATL
GUC,DFW
GUC,IAH
GUC,DEN
GUC,ORD
GUM,HNL
GUM,SPN
HDN,DEN
HDN,SEA
HDN,EWR
HDN,SAN
HDN,DFW
HDN,LAX
HDN,ATL
HDN,IAH
HDN,IAD
HDN,SFO
HIB,MSP
HIB,INL
HLN,SLC
HLN,MSP
HLN,DEN
HNL,IAH
HNL,ATL
HNL,DFW
HNL,IAD
HNL,SJC
HNL,SMF
HNL,LAS
HNL,PHX
HNL,EWR
HNL,MSP
HNL,LAX
HNL,ORD
HNL,ANC
HNL,BLI
HNL,SLC
HNL,GUM
HNL,DEN
HNL,SEA
HNL,ITO
HNL,KOA
HNL,SFO
HNL,SAN
HNL,OGG
HNL,PDX
HNL,JFK
HNL,OAK
HNL,PPG
HNL,LIH
HOB,IAH
HOU,SAN
HOU,PHX
HOU,STL
HOU,GSP
HOU,SNA
HOU,SAT
HOU,PIT
HOU,PNS
HOU,HRL
HOU,RDU
HOU,IND
HOU,TPA
HOU,FLL
HOU,OAK
HOU,JAX
HOU,LAX
HOU,ELP
HOU,MSY
HOU,EWR
HOU,MEM
HOU,MDW
HOU,MCO
HOU,MCI
HOU,MAF
HOU,LGA
HOU,LAS
HOU,OKC
HOU,TUL
HOU,DFW
HOU,LBB
HOU,HOB
HOU,PDX
HOU,SEA
HOU,ATL
HOU,ABQ
HOU,AUS
HOU,BHM
HOU,BNA
HOU,ECP
HOU,BWI
HOU,CHS
HOU,BOS
HOU,JFK
HOU,DEN
HOU,CRP
HOU,SLC
HOU,SJU
HOU,DAL
HOU,TUS
HOU,CLT
HOU,DCA
HPN,PBI
HPN,TPA
HPN,ATL
HPN,DTW
HPN,ORD
HPN,MCO
HPN,FLL
HPN,RSW
HRL,HOU
HRL,AUS
HRL,IAH
HSV,DTW
HSV,IAH
HSV,ORD
HSV,ATL
HSV,DFW
HYA,JFK
HYS,LNK
HYS,DEN
IAD,PWM
IAD,HDN
IAD,CHS
IAD,SEA
IAD,LAS
IAD,EWR
IAD,SAN
IAD,IAH
IAD,SAT
IAD,PDX
IAD,SMF
IAD,MSP
IAD,LAX
IAD,AUS
IAD,STT
IAD,JAC
IAD,HNL
IAD,JFK
IAD,BOS
IAD,MSY
IAD,ORF
IAD,STL
IAD,SDF
IAD,DTW
IAD,CLE
IAD,MCI
IAD,PHX
IAD,RDU
IAD,DFW
IAD,CLT
IAD,FLL
IAD,TPA
IAD,ORD
IAD,SFO
IAD,MDW
IAD,BDL
IAD,MCO
IAD,EGE
IAD,SJU
IAD,MSN
IAD,DEN
IAD,ATL
IAD,MIA
IAG,MYR
IAG,FLL
IAG,MCO
IAH,SLC
IAH,HRL
IAH,CLT
IAH,RAP
IAH,MTJ
IAH,TYR
IAH,ICT
IAH,ORD
IAH,LRD
IAH,ELP
IAH,PBI
IAH,EWR
IAH,GJT
IAH,IND
IAH,HSV
IAH,TUS
IAH,CLL
IAH,SMF
IAH,TPA
IAH,STL
IAH,SDF
IAH,HNL
IAH,HDN
IAH,OAK
IAH,PHX
IAH,RDU
IAH,ATL
IAH,ECP
IAH,AGS
IAH,DFW
IAH,AMA
IAH,CAE
IAH,MLU
IAH,MEM
IAH,DTW
IAH,MOB
IAH,JAC
IAH,ABQ
IAH,MKE
IAH,XNA
IAH,LAX
IAH,GRK
IAH,MAF
IAH,PNS
IAH,LIT
IAH,OMA
IAH,MSP
IAH,ONT
IAH,LFT
IAH,LGA
IAH,BTR
IAH,GUC
IAH,GPT
IAH,BPT
IAH,SGF
IAH,BWI
IAH,MSY
IAH,BOI
IAH,CMH
IAH,EGE
IAH,SJC
IAH,BRO
IAH,AEX
IAH,JAN
IAH,SAV
IAH,IAD
IAH,MCO
IAH,PIT
IAH,TUL
IAH,DSM
IAH,RSW
IAH,TYS
IAH,SHV
IAH,LCH
IAH,COS
IAH,ORF
IAH,RNO
IAH,PSP
IAH,JAX
IAH,SAT
IAH,GRR
IAH,BZN
IAH,SEA
IAH,OKC
IAH,MSN
IAH,ISN
IAH,VPS
IAH,PHL
IAH,BOS
IAH,ANC
IAH,BFL
IAH,LBB
IAH,SNA
IAH,LEX
IAH,HOB
IAH,PIA
IAH,MFE
IAH,DEN
IAH,PDX
IAH,AUS
IAH,BNA
IAH,SFO
IAH,CRW
IAH,ASE
IAH,RIC
IAH,CVG
IAH,LAS
IAH,CLE
IAH,BHM
IAH,FLL
IAH,MCI
IAH,SJU
IAH,DCA
IAH,CRP
IAH,STT
IAH,GSP
IAH,MIA
IAH,SAN
IAH,CHS
ICT,MSP
ICT,ATL
ICT,ORD
ICT,PHX
ICT,DAL
ICT,DEN
ICT,LAS
ICT,MDW
ICT,IAH
ICT,DFW
ICT,STL
IDA,MSP
IDA,SLC
IDA,DEN
ILM,CLT
ILM,ATL
ILM,LGA
ILM,PHL
IMT,RHI
IMT,MSP
IND,LAX
IND,LGA
IND,MDW
IND,PHX
IND,DTW
IND,TPA
IND,MCI
IND,RSW
IND,BOS
IND,BWI
IND,DAL
IND,FLL
IND,HOU
IND,IAH
IND,DEN
IND,RDU
IND,PHL
IND,EWR
IND,SLC
IND,MSP
IND,ORD
IND,CLT
IND,MCO
IND,DCA
IND,DFW
IND,LAS
IND,ATL
IND,SFO
IND,XNA
INL,MSP
INL,HIB
ISN,BIL
ISN,IAH
ISN,DEN
ISN,MSP
ISP,PBI
ISP,MCO
ISP,TPA
ISP,BWI
ISP,FLL
ITH,DTW
ITO,LAX
ITO,OGG
ITO,HNL
JAC,IAH
JAC,SLC
JAC,EWR
JAC,DEN
JAC,DFW
JAC,MSP
JAC,IAD
JAC,ATL
JAC,JFK
JAC,SFO
JAC,SEA
JAC,ORD
JAC,LAX
JAN,HOB
JAN,ORD
JAN,IAH
JAN,ATL
JAN,DFW
JAX,LGA
JAX,DFW
JAX,MSP
JAX,ATL
JAX,DTW
JAX,ORD
JAX,IAD
JAX,LAS
JAX,IAH
JAX,GNV
JAX,DCA
JAX,FLL
JAX,PHL
JAX,MDW
JAX,HOU
JAX,DEN
JAX,BWI
JAX,BNA
JAX,CLT
JAX,EWR
JAX,BOS
JAX,JFK
JFK,PSP
JFK,JAX
JFK,LAX
JFK,HOU
JFK,TPA
JFK,MSY
JFK,FLL
JFK,SEA
JFK,SJC
JFK,PSE
JFK,ROC
JFK,PBI
JFK,HNL
JFK,JAC
JFK,DTW
JFK,PHX
JFK,PHL
JFK,SJU
JFK,MIA
JFK,AUS
JFK,MCO
JFK,STT
JFK,TUS
JFK,BOS
JFK,ATL
JFK,CLT
JFK,DFW
JFK,LAS
JFK,MVY
JFK,ACK
JFK,BQN
JFK,PIT
JFK,SAV
JFK,HYA
JFK,MSP
JFK,RDU
JFK,BUF
JFK,SYR
JFK,BTV
JFK,ABQ
JFK,SLC
JFK,ORD
JFK,CVG
JFK,RNO
JFK,DEN
JFK,ORF
JFK,CLE
JFK,IAD
JFK,CHS
JFK,SAN
JFK,SMF
JFK,SFO
JFK,RSW
JFK,DAB
JFK,BUR
JFK,OAK
JFK,PWM
JFK,SRQ
JFK,SAT
JFK,LGB
JFK,RIC
JFK,EGE
JFK,PDX
JFK,DCA
JLN,DFW
JMS,DEN
JMS,DVL
JNU,KTN
JNU,YAK
JNU,SIT
JNU,PSG
JNU,FAI
JNU,SEA
JNU,ANC
JNU,GST
KOA,DFW
KOA,DEN
KOA,HNL
KOA,PHX
KOA,LAX
KOA,SEA
KOA,OGG
KOA,SFO
KOA,BLI
KOA,OAK
KOA,SJC
KOA,PDX
KOA,SAN
KOA,ANC
KTN,SIT
KTN,JNU
KTN,WRG
KTN,SEA
LAN,DTW
LAN,MSP
LAN,ORD
LAR,DEN
LAS,OMA
LAS,HOU
LAS,PIT
LAS,ICT
LAS,IND
LAS,LBB
LAS,TUS
LAS,SJC
LAS,RDU
LAS,SDF
LAS,MAF
LAS,RNO
LAS,JAX
LAS,OKC
LAS,SAT
LAS,SNA
LAS,TPA
LAS,TUL
LAS,GEG
LAS,ONT
LAS,LIT
LAS,SMF
LAS,PDX
LAS,ELP
LAS,EWR
LAS,FLL
LAS,PHL
LAS,DAL
LAS,CVG
LAS,LGB
LAS,CLT
LAS,SFO
LAS,BOS
LAS,DCA
LAS,ANC
LAS,BLI
LAS,IAD
LAS,SEA
LAS,DTW
LAS,ATL
LAS,ABQ
LAS,ALB
LAS,AMA
LAS,BDL
LAS,SLC
LAS,BHM
LAS,BNA
LAS,BOI
LAS,BUF
LAS,BUR
LAS,CAK
LAS,CMH
LAS,DSM
LAS,FNT
LAS,MDW
LAS,PHX
LAS,MCO
LAS,SAN
LAS,OAK
LAS,MCI
LAS,MSY
LAS,HNL
LAS,LAX
LAS,STL
LAS,COS
LAS,MSP
LAS,IAH
LAS,BWI
LAS,JFK
LAS,DEN
LAS,MIA
LAS,ORD
LAS,MKE
LAS,DFW
LAS,CLE
LAS,AUS
LAW,DFW
LAX,OGG
LAX,PHX
LAX,HNL
LAX,IAD
LAX,DAL
LAX,FAT
LAX,CVG
LAX,SBA
LAX,BOI
LAX,MRY
LAX,GEG
LAX,OMA
LAX,ASE
LAX,SDF
LAX,RNO
LAX,ELP
LAX,AUS
LAX,BNA
LAX,BUF
LAX,MSP
LAX,LIH
LAX,PHL
LAX,EWR
LAX,CID
LAX,CLT
LAX,PSP
LAX,JAC
LAX,SUN
LAX,CMH
LAX,MCO
LAX,DFW
LAX,OKC
LAX,RDM
LAX,DRO
LAX,PIT
LAX,ITO
LAX,EGE
LAX,RDU
LAX,IND
LAX,TPA
LAX,ABQ
LAX,MSY
LAX,TUS
LAX,MEM
LAX,EUG
LAX,FLL
LAX,JFK
LAX,SBP
LAX,LAS
LAX,MIA
LAX,SMF
LAX,MCI
LAX,SAN
LAX,MTJ
LAX,FCA
LAX,KOA
LAX,LEX
LAX,DCA
LAX,IAH
LAX,BZN
LAX,CLE
LAX,DTW
LAX,ATL
LAX,HOU
LAX,COS
LAX,STL
LAX,MKE
LAX,MDW
LAX,OAK
LAX,HDN
LAX,SJC
LAX,BDL
LAX,BWI
LAX,BOS
LAX,SFO
LAX,DEN
LAX,ORD
LAX,PDX
LAX,ANC
LAX,SAT
LAX,MSN
LAX,SEA
LAX,SLC
LBB,PHX
LBB,DAL
LBB,LAS
LBB,DFW
LBB,AUS
LBB,HOU
LBB,IAH
LBB,DEN
LBE,TPA
LBE,RSW
LBE,FLL
LBE,MYR
LBE,MCO
LCH,DFW
LCH,IAH
LEX,LAX
LEX,IAH
LEX,DTW
LEX,MSP
LEX,LGA
LEX,ATL
LEX,EWR
LEX,ORD
LFT,DFW
LFT,IAH
LFT,ATL
LGA,BGR
LGA,LEX
LGA,CAE
LGA,BHM
LGA,DEN
LGA,PIT
LGA,CHO
LGA,MSN
LGA,ATL
LGA,SAV
LGA,SDF
LGA,RIC
LGA,BTV
LGA,OMA
LGA,ROC
LGA,DCA
LGA,ORD
LGA,RDU
LGA,PHL
LGA,MSY
LGA,CMH
LGA,BOS
LGA,TYS
LGA,CLE
LGA,CHS
LGA,MKE
LGA,MYR
LGA,STL
LGA,MDW
LGA,MCI
LGA,IND
LGA,HOU
LGA,BNA
LGA,CVG
LGA,GSO
LGA,PWM
LGA,GRR
LGA,SRQ
LGA,IAH
LGA,CLT
LGA,ILM
LGA,AVL
LGA,LAS
LGA,TPA
LGA,FLL
LGA,MTJ
LGA,DFW
LGA,BZN
LGA,TVC
LGA,PBI
LGA,MCO
LGA,MEM
LGA,DAL
LGA,RSW
LGA,SYR
LGA,MIA
LGA,GSP
LGA,JAX
LGA,MSP
LGA,ORF
LGA,DTW
LGA,XNA
LGA,MHT
LGA,BUF
LGB,SLC
LGB,AUS
LGB,SEA
LGB,PHX
LGB,FLL
LGB,JFK
LGB,SFO
LGB,BOS
LGB,BUF
LGB,SMF
LGB,LAS
LGB,PDX
LGB,ANC
LGB,OAK
LGB,RNO
LIH,OGG
LIH,PDX
LIH,SAN
LIH,LAX
LIH,SFO
LIH,HNL
LIH,PHX
LIH,SEA
LIH,SJC
LIH,OAK
LIH,DEN
LIT,STL
LIT,MDW
LIT,DFW
LIT,DTW
LIT,ORD
LIT,DEN
LIT,BWI
LIT,IAH
LIT,PHX
LIT,DAL
LIT,LAS
LIT,ATL
LNK,ICT
LNK,MSP
LNK,ORD
LNK,ATL
LNK,DEN
LRD,IAH
LRD,DFW
LSE,MSP
LWS,LAX
LWS,SFO
LWS,SLC
MAF,HOU
MAF,LAS
MAF,IAH
MAF,DAL
MAF,DEN
MAF,DFW
MAF,PHX
MBS,ORD
MBS,MSP
MBS,DTW
MCI,OMA
MCI,DTW
MCI,LAS
MCI,IAH
MCI,EWR
MCI,MIA
MCI,MCO
MCI,PHL
MCI,LAX
MCI,SAT
MCI,RSW
MCI,DEN
MCI,DFW
MCI,SEA
MCI,CVG
MCI,CLT
MCI,SFO
MCI,PDX
MCI,MDW
MCI,MKE
MCI,MSY
MCI,PHX
MCI,OAK
MCI,MSP
MCI,HOU
MCI,SAN
MCI,SNA
MCI,STL
MCI,TPA
MCI,PNS
MCI,LGA
MCI,ATL
MCI,FLL
MCI,BWI
MCI,ORD
MCI,ABQ
MCI,DSM
MCI,DAL
MCI,SLC
MCI,BNA
MCI,BOS
MCI,DCA
MCI,IND
MCO,BWI
MCO,PBG
MCO,CLT
MCO,TTN
MCO,MIA
MCO,MKE
MCO,MCI
MCO,EWR
MCO,BDL
MCO,PHL
MCO,BOS
MCO,ALB
MCO,ACY
MCO,SLC
MCO,RIC
MCO,SFO
MCO,PVD
MCO,PSE
MCO,LAS
MCO,CLE
MCO,BQN
MCO,ORD
MCO,SWF
MCO,DTW
MCO,ABQ
MCO,SAN
MCO,SJU
MCO,IAG
MCO,DEN
MCO,HPN
MCO,ROC
MCO,PIT
MCO,ORF
MCO,MSY
MCO,MHT
MCO,MEM
MCO,MDW
MCO,ISP
MCO,HOU
MCO,GRR
MCO,SAT
MCO,OMA
MCO,FNT
MCO,LBE
MCO,DAY
MCO,DAL
MCO,CMH
MCO,CAK
MCO,BNA
MCO,BHM
MCO,BUF
MCO,MSP
MCO,ATL
MCO,SDF
MCO,RDU
MCO,STL
MCO,IND
MCO,LAX
MCO,LGA
MCO,IAH
MCO,SYR
MCO,IAD
MCO,DCA
MCO,DSM
MCO,SEA
MCO,ORH
MCO,DFW
MCO,AUS
MCO,CVG
MCO,PHX
MCO,FLL
MCO,PWM
MCO,JFK
MCO,COS
MDT,ATL
MDT,ORD
MDT,DTW
MDT,CLT
MDW,TUL
MDW,SMF
MDW,SNA
MDW,STL
MDW,PNS
MDW,SEA
MDW,TUS
MDW,SLC
MDW,RNO
MDW,SAT
MDW,PBI
MDW,SJC
MDW,DTW
MDW,SFO
MDW,PWM
MDW,SDF
MDW,RDU
MDW,LGA
MDW,EWR
MDW,FLL
MDW,GSP
MDW,HOU
MDW,IAD
MDW,ICT
MDW,JAX
MDW,DSM
MDW,LAS
MDW,LIT
MDW,MCI
MDW,MCO
MDW,MEM
MDW,MHT
MDW,MSY
MDW,OAK
MDW,LAX
MDW,OKC
MDW,DEN
MDW,DAL
MDW,GRR
MDW,IND
MDW,ATL
MDW,ABQ
MDW,ALB
MDW,AUS
MDW,BDL
MDW,DCA
MDW,BHM
MDW,BOS
MDW,BUF
MDW,BWI
MDW,CHS
MDW,CLE
MDW,CLT
MDW,CMH
MDW,BNA
MDW,OMA
MDW,TPA
MDW,ONT
MDW,SAN
MDW,DAY
MDW,RSW
MDW,PVD
MDW,PIT
MDW,MSP
MDW,BOI
MDW,PHX
MDW,PDX
MDW,GEG
MDW,ORF
MDW,PHL
MDW,FNT
MEI,DFW
MEI,PIB
MEM,LAX
MEM,MCO
MEM,HOU
MEM,PHX
MEM,MSP
MEM,DFW
MEM,MDW
MEM,CVG
MEM,AUS
MEM,IAH
MEM,ORD
MEM,BWI
MEM,LGA
MEM,DEN
MEM,DAL
MEM,DTW
MEM,TPA
MEM,ATL
MEM,CLT
MEM,EWR
MFE,IAH
MFE,BRO
MFE,DFW
MFR,DEN
MFR,SLC
MFR,ACV
MFR,SFO
MGM,DFW
MGM,ATL
MHK,DFW
MHT,MDW
MHT,FLL
MHT,ORD
MHT,LGA
MHT,MCO
MHT,EWR
MHT,TPA
MHT,ATL
MHT,BWI
MHT,DTW
MIA,DTW
MIA,TUL
MIA,SFO
MIA,LAS
MIA,BDL
MIA,AUS
MIA,CMH
MIA,BOS
MIA,SLC
MIA,IAD
MIA,SAN
MIA,JFK
MIA,EWR
MIA,IAH
MIA,MSY
MIA,CLT
MIA,RDU
MIA,MSP
MIA,ORD
MIA,OKC
MIA,SEA
MIA,LAX
MIA,STT
MIA,ATL
MIA,MCI
MIA,STL
MIA,DFW
MIA,DCA
MIA,MCO
MIA,TPA
MIA,EGE
MIA,LGA
MIA,PHX
MIA,DEN
MIA,PHL
MIA,BWI
MIA,BNA
MIA,SAT
MIA,SJU
MIA,STX
MKE,CLE
MKE,SAN
MKE,LGA
MKE,BOS
MKE,DCA
MKE,PHX
MKE,LAX
MKE,STL
MKE,FLL
MKE,PHL
MKE,BWI
MKE,DAL
MKE,SEA
MKE,CMX
MKE,ORD
MKE,DFW
MKE,EWR
MKE,RSW
MKE,DEN
MKE,MSP
MKE,MCO
MKE,CVG
MKE,DTW
MKE,ATL
MKE,MSY
MKE,MCI
MKE,TPA
MKE,IAH
MKE,LAS
MKE,SFO
MKG,ORD
MLB,ATL
MLI,MSP
MLI,DTW
MLI,ORD
MLI,ATL
MLI,DEN
MLU,DFW
MLU,ATL
MLU,IAH
MMH,DEN
MMH,SFO
MOB,ORD
MOB,ATL
MOB,IAH
MOB,DFW
MOT,MSP
MOT,DEN
MQT,ESC
MQT,DTW
MRY,PHX
MRY,LAX
MRY,SFO
MSN,LGA
MSN,DTW
MSN,SLC
MSN,IAH
MSN,BOS
MSN,DEN
MSN,MSP
MSN,LAX
MSN,ATL
MSN,RDU
MSN,IAD
MSN,SFO
MSN,EWR
MSN,ORD
MSO,SLC
MSO,DEN
MSO,SFO
MSO,ATL
MSO,MSP
MSO,ORD
MSO,SEA
MSP,GRB
MSP,MOT
MSP,BIS
MSP,CID
MSP,IND
MSP,LAN
MSP,SEA
MSP,TPA
MSP,XNA
MSP,BZN
MSP,PSC
MSP,SAN
MSP,SBN
MSP,OMA
MSP,EWR
MSP,AZO
MSP,PBI
MSP,CMH
MSP,MDW
MSP,RAP
MSP,FCA
MSP,AUS
MSP,PSP
MSP,DSM
MSP,DFW
MSP,SJC
MSP,DLH
MSP,GTF
MSP,STL
MSP,MCO
MSP,BUF
MSP,ATL
MSP,ABR
MSP,RSW
MSP,SAV
MSP,MSN
MSP,PLN
MSP,ICT
MSP,RST
MSP,FAR
MSP,TUS
MSP,MSY
MSP,BNA
MSP,SYR
MSP,ALB
MSP,DEN
MSP,LEX
MSP,RIC
MSP,FLL
MSP,JFK
MSP,LSE
MSP,ORF
MSP,RHI
MSP,MCI
MSP,HLN
MSP,RDU
MSP,SJU
MSP,BOI
MSP,CLT
MSP,DAY
MSP,PHL
MSP,MLI
MSP,MEM
MSP,SAT
MSP,CVG
MSP,LAX
MSP,PIT
MSP,ORD
MSP,MSO
MSP,LAS
MSP,RNO
MSP,PHX
MSP,JAC
MSP,FAI
MSP,GEG
MSP,BMI
MSP,HNL
MSP,CWA
MSP,IDA
MSP,FSD
MSP,BDL
MSP,MBS
MSP,GFK
MSP,FNT
MSP,TUL
MSP,BIL
MSP,JAX
MSP,ISN
MSP,ATW
MSP,MKE
MSP,CLE
MSP,SLC
MSP,SMF
MSP,SNA
MSP,SFO
MSP,FWA
MSP,HIB
MSP,BWI
MSP,LNK
MSP,SDF
MSP,ABQ
MSP,DTW
MSP,ROC
MSP,PIA
MSP,IAD
MSP,TVC
MSP,ASE
MSP,BOS
MSP,MIA
MSP,LGA
MSP,GRR
MSP,ANC
MSP,INL
MSP,DCA
MSP,IMT
MSP,BJI
MSP,IAH
MSP,BRD
MSP,OKC
MSP,PDX
MSY,ATL
MSY,SFO
MSY,BOS
MSY,MIA
MSY,EWR
MSY,ORD
MSY,LAX
MSY,IAD
MSY,CLT
MSY,IAH
MSY,MSP
MSY,DFW
MSY,LGA
MSY,FLL
MSY,LAS
MSY,DTW
MSY,PHL
MSY,TPA
MSY,SAT
MSY,OAK
MSY,MDW
MSY,SEA
MSY,STL
MSY,MCO
MSY,MCI
MSY,HOU
MSY,JFK
MSY,SAN
MSY,DCA
MSY,SLC
MSY,BWI
MSY,BNA
MSY,AUS
MSY,DEN
MSY,MKE
MSY,DAL
MSY,PHX
MTJ,SFO
MTJ,LAX
MTJ,PHX
MTJ,LGA
MTJ,DEN
MTJ,ORD
MTJ,ATL
MTJ,DFW
MTJ,EWR
MTJ,IAH
MVY,JFK
MVY,BOS
MYR,DFW
MYR,PHL
MYR,CRW
MYR,BWI
MYR,ORD
MYR,BOS
MYR,LBE
MYR,CLE
MYR,IAG
MYR,ATL
MYR,EWR
MYR,DTW
MYR,LGA
MYR,FLL
MYR,ACY
MYR,PBG
OAJ,ATL
OAK,PDX
OAK,KOA
OAK,DFW
OAK,TUS
OAK,BOS
OAK,HNL
OAK,ORD
OAK,OGG
OAK,SLC
OAK,RNO
OAK,SAN
OAK,LGB
OAK,SNA
OAK,ONT
OAK,LIH
OAK,STL
OAK,IAH
OAK,FLL
OAK,SEA
OAK,ABQ
OAK,ATL
OAK,CLT
OAK,AUS
OAK,BNA
OAK,BOI
OAK,BUR
OAK,LAX
OAK,BWI
OAK,LAS
OAK,PHX
OAK,MSY
OAK,MDW
OAK,MCI
OAK,HOU
OAK,GEG
OAK,JFK
OAK,DEN
OAK,DAL
OAK,CMH
OGG,KOA
OGG,BLI
OGG,OAK
OGG,ITO
OGG,SJC
OGG,SMF
OGG,SAN
OGG,LAX
OGG,HNL
OGG,LIH
OGG,PDX
OGG,SFO
OGG,DEN
OGG,SEA
OGG,PHX
OGG,ORD
OGG,ANC
OGG,DFW
OKC,HOU
OKC,DAL
OKC,BWI
OKC,ATL
OKC,DFW
OKC,DTW
OKC,LAX
OKC,SLC
OKC,SEA
OKC,LAS
OKC,EWR
OKC,MDW
OKC,SFO
OKC,MSP
OKC,DEN
OKC,MIA
OKC,IAH
OKC,ORD
OKC,CMH
OKC,STL
OKC,PHX
OMA,LAX
OMA,LGA
OMA,ORD
OMA,PHX
OMA,PDX
OMA,ATL
OMA,SFO
OMA,MSP
OMA,DTW
OMA,IAH
OMA,SEA
OMA,SLC
OMA,DFW
OMA,EWR
OMA,STL
OMA,MDW
OMA,DEN
OMA,LAS
OMA,DCA
OMA,DAL
OMA,MCO
OME,FAI
OME,OTZ
OME,ANC
ONT,SEA
ONT,PDX
ONT,DFW
ONT,LAS
ONT,MDW
ONT,OAK
ONT,SFO
ONT,DEN
ONT,SMF
ONT,PHX
ONT,IAH
ONT,LAX
ONT,SLC
ONT,PSP
ONT,SJC
ORD,SLC
ORD,BIL
ORD,EWR
ORD,TUL
ORD,SEA
ORD,ACY
ORD,RDU
ORD,RAP
ORD,JFK
ORD,SNA
ORD,MIA
ORD,PHL
ORD,DTW
ORD,PSP
ORD,MCI
ORD,CLT
ORD,MOB
ORD,EGE
ORD,ABE
ORD,CHA
ORD,HSV
ORD,ATL
ORD,JAN
ORD,SAV
ORD,RSW
ORD,PHX
ORD,UST
ORD,AUS
ORD,AVP
ORD,TUS
ORD,DEN
ORD,BHM
ORD,FAI
ORD,PBI
ORD,LAX
ORD,STL
ORD,GSO
ORD,TPA
ORD,EVV
ORD,PWM
ORD,SJC
ORD,MSP
ORD,MHT
ORD,FNT
ORD,JAC
ORD,JAX
ORD,SCE
ORD,PNS
ORD,FLL
ORD,ELM
ORD,LAS
ORD,DFW
ORD,PDX
ORD,MLI
ORD,HPN
ORD,AZO
ORD,LGA
ORD,LAN
ORD,MSO
ORD,ERI
ORD,GTF
ORD,COD
ORD,DCA
ORD,ROA
ORD,BOS
ORD,SJU
ORD,PGD
ORD,MDT
ORD,RNO
ORD,SAN
ORD,SFO
ORD,MYR
ORD,CRW
ORD,ELP
ORD,MCO
ORD,CWA
ORD,PIA
ORD,SYR
ORD,GRB
ORD,SDF
ORD,OGG
ORD,MSN
ORD,FSD
ORD,ANC
ORD,OMA
ORD,SRQ
ORD,COS
ORD,DAY
ORD,GRR
ORD,OKC
ORD,TVC
ORD,DSM
ORD,BUF
ORD,BNA
ORD,ASE
ORD,FCA
ORD,LIT
ORD,GUC
ORD,PIT
ORD,CLE
ORD,ATW
ORD,CHS
ORD,HNL
ORD,MKE
ORD,ROC
ORD,LNK
ORD,DLH
ORD,CMX
ORD,SGF
ORD,FAR
ORD,EAU
ORD,ALB
ORD,AVL
ORD,CAE
ORD,PAH
ORD,BTV
ORD,SMF
ORD,ORF
ORD,MKG
ORD,LEX
ORD,ABQ
ORD,SBN
ORD,XNA
ORD,MBS
ORD,CMH
ORD,ICT
ORD,BDL
ORD,CAK
ORD,BZN
ORD,STT
ORD,SAT
ORD,OAK
ORD,SPI
ORD,PVD
ORD,IND
ORD,GSP
ORD,FWA
ORD,MSY
ORD,CID
ORD,BWI
ORD,CHO
ORD,MTJ
ORD,TTN
ORD,IAD
ORD,CVG
ORD,BOI
ORD,RIC
ORD,TYS
ORD,MEM
ORD,IAH
ORF,JFK
ORF,MDW
ORF,CLT
ORF,TPA
ORF,ATL
ORF,DEN
ORF,LGA
ORF,IAD
ORF,EWR
ORF,IAH
ORF,MSP
ORF,DFW
ORF,ORD
ORF,DTW
ORF,MCO
ORF,BWI
ORH,MCO
ORH,FLL
OTH,SFO
OTH,DEN
OTZ,ANC
OTZ,OME
PAH,ORD
PBG,MCO
PBG,FLL
PBG,MYR
PBI,PVD
PBI,EWR
PBI,BDL
PBI,TTN
PBI,MSP
PBI,LGA
PBI,DEN
PBI,MDW
PBI,PIT
PBI,HPN
PBI,JFK
PBI,IAH
PBI,ATL
PBI,DFW
PBI,BOS
PBI,ORD
PBI,PHL
PBI,DTW
PBI,ISP
PBI,DCA
PBI,ACY
PBI,BWI
PBI,CLT
PDX,TUS
PDX,SEA
PDX,LAX
PDX,SJC
PDX,JFK
PDX,SBA
PDX,SAN
PDX,SFO
PDX,IAD
PDX,EWR
PDX,OAK
PDX,DAL
PDX,OGG
PDX,DFW
PDX,SNA
PDX,MCI
PDX,MDW
PDX,STL
PDX,LAS
PDX,BOI
PDX,SLC
PDX,ONT
PDX,SMF
PDX,PSP
PDX,ABQ
PDX,ORD
PDX,BOS
PDX,ATL
PDX,FAT
PDX,AUS
PDX,IAH
PDX,KOA
PDX,LGB
PDX,MSP
PDX,DEN
PDX,OMA
PDX,PHL
PDX,CLE
PDX,HNL
PDX,BZN
PDX,DTW
PDX,BUR
PDX,DCA
PDX,CLT
PDX,BWI
PDX,HOU
PDX,PHX
PDX,ANC
PDX,LIH
PGD,ORD
PGD,PHL
PGD,TTN
PHF,ATL
PHL,CVG
PHL,ILM
PHL,BWI
PHL,SAN
PHL,SJU
PHL,SAV
PHL,LAS
PHL,BNA
PHL,SEA
PHL,DAL
PHL,MDW
PHL,DFW
PHL,PGD
PHL,STL
PHL,MCO
PHL,MYR
PHL,PHX
PHL,DTW
PHL,BDL
PHL,TPA
PHL,PIT
PHL,CMH
PHL,MSY
PHL,UST
PHL,CLE
PHL,IAH
PHL,BOS
PHL,LAX
PHL,MCI
PHL,IND
PHL,RDU
PHL,LGA
PHL,JAX
PHL,DEN
PHL,JFK
PHL,MSP
PHL,SLC
PHL,PDX
PHL,PVD
PHL,DCA
PHL,MKE
PHL,SAT
PHL,AUS
PHL,MIA
PHL,STT
PHL,ATL
PHL,FLL
PHL,ORD
PHL,SFO
PHL,CLT
PHL,CHS
PHL,BUF
PHL,PBI
PHL,RSW
PHX,MCO
PHX,MSP
PHX,HNL
PHX,IND
PHX,SLC
PHX,MEM
PHX,BOI
PHX,IAD
PHX,SJC
PHX,SMF
PHX,GEG
PHX,LBB
PHX,KOA
PHX,MCI
PHX,TPA
PHX,FAT
PHX,ATL
PHX,CLT
PHX,CLE
PHX,OMA
PHX,LAX
PHX,SNA
PHX,SAT
PHX,BHM
PHX,OAK
PHX,DCA
PHX,ANC
PHX,DTW
PHX,PDX
PHX,SFO
PHX,PHL
PHX,OGG
PHX,CMH
PHX,DEN
PHX,EWR
PHX,FLL
PHX,BWI
PHX,RNO
PHX,PIT
PHX,ONT
PHX,LIH
PHX,MAF
PHX,BOS
PHX,MKE
PHX,LIT
PHX,TUS
PHX,DRO
PHX,ICT
PHX,SBA
PHX,ROW
PHX,SAN
PHX,JFK
PHX,LAS
PHX,LGB
PHX,SEA
PHX,ORD
PHX,IAH
PHX,BNA
PHX,BUF
PHX,BUR
PHX,YUM
PHX,DAL
PHX,CVG
PHX,STL
PHX,DFW
PHX,FLG
PHX,PSP
PHX,DSM
PHX,EGE
PHX,SAF
PHX,ABQ
PHX,RDM
PHX,COS
PHX,GJT
PHX,MTJ
PHX,SBP
PHX,MRY
PHX,MIA
PHX,BFL
PHX,ELP
PHX,EUG
PHX,HOU
PHX,MDW
PHX,MSY
PHX,OKC
PHX,AUS
PHX,SGU
PHX,RDU
PHX,SDF
PHX,TUL
PIA,MSP
PIA,ATL
PIA,IAH
PIA,DFW
PIA,ORD
PIA,DTW
PIB,MEI
PIB,DFW
PIH,SLC
PIT,RSW
PIT,LGA
PIT,MCO
PIT,CLT
PIT,DAL
PIT,HOU
PIT,DFW
PIT,BOS
PIT,MDW
PIT,DTW
PIT,LAX
PIT,LAS
PIT,JFK
PIT,TPA
PIT,DCA
PIT,EWR
PIT,ORD
PIT,BNA
PIT,DEN
PIT,BWI
PIT,ATL
PIT,PHL
PIT,IAH
PIT,FLL
PIT,PBI
PIT,PHX
PIT,SFO
PIT,MSP
PIT,STL
PLN,APN
PLN,DTW
PLN,MSP
PLN,CIU
PNS,DAL
PNS,MCI
PNS,DFW
PNS,ORD
PNS,ATL
PNS,HOU
PNS,IAH
PNS,MDW
PNS,ECP
PNS,BNA
PPG,HNL
PSC,DEN
PSC,MSP
PSC,SFO
PSC,SLC
PSC,SEA
PSE,JFK
PSE,MCO
PSG,JNU
PSG,WRG
PSP,SFO
PSP,JFK
PSP,SEA
PSP,PDX
PSP,SLC
PSP,DFW
PSP,MSP
PSP,PHX
PSP,ORD
PSP,IAH
PSP,DEN
PSP,LAX
PVD,ATL
PVD,RSW
PVD,PBI
PVD,DCA
PVD,ORD
PVD,DTW
PVD,MCO
PVD,EWR
PVD,BWI
PVD,MDW
PVD,PHL
PVD,CLT
PVD,TPA
PVD,FLL
PWM,CLT
PWM,LGA
PWM,DCA
PWM,EWR
PWM,ORD
PWM,ATL
PWM,JFK
PWM,DTW
PWM,MDW
PWM,BWI
PWM,MCO
PWM,IAD
RAP,MSP
RAP,DEN
RAP,IAH
RAP,ATL
RAP,ORD
RAP,SLC
RDD,SFO
RDM,DEN
RDM,SFO
RDM,SLC
RDM,LAX
RDM,PHX
RDU,SFO
RDU,CLT
RDU,LAX
RDU,BWI
RDU,LAS
RDU,HOU
RDU,DAL
RDU,BNA
RDU,SEA
RDU,SLC
RDU,IND
RDU,MSN
RDU,MCO
RDU,ORD
RDU,MIA
RDU,BDL
RDU,IAH
RDU,LGA
RDU,DTW
RDU,DFW
RDU,TTN
RDU,CMH
RDU,MDW
RDU,EWR
RDU,STL
RDU,PHL
RDU,IAD
RDU,FLL
RDU,BOS
RDU,JFK
RDU,PHX
RDU,DEN
RDU,CLE
RDU,ATL
RDU,MSP
RDU,CVG
RDU,TPA
RHI,MSP
RHI,IMT
RIC,MSP
RIC,LGA
RIC,ATL
RIC,DEN
RIC,PHL
RIC,DFW
RIC,EWR
RIC,DTW
RIC,IAH
RIC,ORD
RIC,BOS
RIC,MCO
RIC,JFK
RIC,CLT
RIC,FLL
RKS,DEN
RNO,JFK
RNO,SLC
RNO,MDW
RNO,IAH
RNO,ORD
RNO,LAX
RNO,SFO
RNO,OAK
RNO,ATL
RNO,MSP
RNO,LAS
RNO,LGB
RNO,DEN
RNO,SAN
RNO,PHX
RNO,DFW
ROA,ORD
ROA,ATL
ROC,JFK
ROC,LGA
ROC,CLT
ROC,DTW
ROC,MSP
ROC,ATL
ROC,TPA
ROC,EWR
ROC,BWI
ROC,MCO
ROC,ORD
ROW,PHX
ROW,DFW
RST,ATL
RST,MSP
RSW,LGA
RSW,MDW
RSW,PIT
RSW,GRR
RSW,BOS
RSW,HPN
RSW,CLE
RSW,ATL
RSW,DTW
RSW,MCI
RSW,BNA
RSW,CMH
RSW,IND
RSW,IAH
RSW,ACY
RSW,MKE
RSW,BUF
RSW,CLT
RSW,BDL
RSW,DAL
RSW,FNT
RSW,PVD
RSW,MSP
RSW,CAK
RSW,ORD
RSW,LBE
RSW,DCA
RSW,DFW
RSW,DEN
RSW,BWI
RSW,ALB
RSW,EWR
RSW,JFK
RSW,PHL
RSW,CVG
RSW,STL
RSW,TTN
SAF,PHX
SAF,DFW
SAN,DTW
SAN,HNL
SAN,MSY
SAN,MDW
SAN,MCI
SAN,HOU
SAN,MKE
SAN,PHL
SAN,EWR
SAN,MSN
SAN,TUS
SAN,SMF
SAN,SJC
SAN,DAL
SAN,BOI
SAN,SAT
SAN,FAT
SAN,MIA
SAN,JFK
SAN,CLT
SAN,RNO
SAN,IAH
SAN,MCO
SAN,BWI
SAN,KOA
SAN,HDN
SAN,DFW
SAN,ATL
SAN,OAK
SAN,BOS
SAN,AUS
SAN,OGG
SAN,BNA
SAN,LIH
SAN,ORD
SAN,LAX
SAN,PHX
SAN,PDX
SAN,MSP
SAN,SFO
SAN,SEA
SAN,LAS
SAN,STL
SAN,DEN
SAN,SLC
SAN,IAD
SAN,FLL
SAN,ABQ
SAT,SEA
SAT,MCI
SAT,ATL
SAT,PHX
SAT,IAH
SAT,LRD
SAT,STL
SAT,LAS
SAT,MCO
SAT,SAN
SAT,DEN
SAT,MSY
SAT,CLT
SAT,HOU
SAT,MIA
SAT,LAX
SAT,PHL
SAT,DTW
SAT,JFK
SAT,SFO
SAT,MSP
SAT,EWR
SAT,ELP
SAT,MDW
SAT,DFW
SAT,SLC
SAT,DAL
SAT,BNA
SAT,TPA
SAT,BWI
SAT,ORD
SAV,PHL
SAV,IAH
SAV,JFK
SAV,BOS
SAV,LGA
SAV,ORD
SAV,DTW
SAV,MSP
SAV,EWR
SAV,ATL
SBA,PDX
SBA,DEN
SBA,SEA
SBA,SFO
SBA,LAX
SBA,PHX
SBN,EWR
SBN,ORD
SBN,ATL
SBN,LGA
SBN,MSP
SBN,DTW
SBN,IAH
SBP,PHX
SBP,LAX
SBP,SFO
SCC,BRW
SCC,ANC
SCE,DTW
SCE,ATL
SCE,ORD
SDF,MDW
SDF,EWR
SDF,IAH
SDF,BWI
SDF,LAS
SDF,MCO
SDF,DTW
SDF,ATL
SDF,LAX
SDF,DFW
SDF,LGA
SDF,DEN
SDF,CLT
SDF,IAD
SDF,ORD
SDF,MSP
SDF,PHX
SDF,TPA
SEA,SUN
SEA,JFK
SEA,DFW
SEA,BOI
SEA,HOU
SEA,STL
SEA,JAC
SEA,MCI
SEA,IAD
SEA,ORD
SEA,BNA
SEA,ATL
SEA,PSC
SEA,IAH
SEA,MCO
SEA,SAT
SEA,BIL
SEA,SNA
SEA,FAT
SEA,SJC
SEA,FAI
SEA,MIA
SEA,ANC
SEA,OKC
SEA,KTN
SEA,CLE
SEA,MKE
SEA,FLL
SEA,MSP
SEA,SBA
SEA,HDN
SEA,BOS
SEA,JNU
SEA,SFO
SEA,SIT
SEA,SAN
SEA,GEG
SEA,AUS
SEA,COS
SEA,DEN
SEA,TUS
SEA,PSP
SEA,BUR
SEA,MDW
SEA,DAL
SEA,EWR
SEA,BLI
SEA,BZN
SEA,LAS
SEA,OMA
SEA,LAX
SEA,PDX
SEA,OAK
SEA,SLC
SEA,DCA
SEA,ONT
SEA,PHL
SEA,DTW
SEA,KOA
SEA,MSY
SEA,LIH
SEA,OGG
SEA,HNL
SEA,SMF
SEA,CVG
SEA,TPA
SEA,MSO
SEA,BWI
SEA,CHS
SEA,RDU
SEA,ABQ
SEA,PHX
SEA,CLT
SEA,LWS
SEA,LGB
SFO,DAL
SFO,PIT
SFO,PDX
SFO,PSP
SFO,RDU
SFO,XNA
SFO,PHL
SFO,SNA
SFO,SUN
SFO,HNL
SFO,ABQ
SFO,PHX
SFO,FLL
SFO,IND
SFO,TUS
SFO,DEN
SFO,DCA
SFO,FCA
SFO,BZN
SFO,EUG
SFO,LAX
SFO,MKE
SFO,SEA
SFO,SAN
SFO,MFR
SFO,LGB
SFO,DTW
SFO,CLE
SFO,JAC
SFO,ANC
SFO,CLT
SFO,IAD
SFO,MSN
SFO,MCI
SFO,BNA
SFO,ASE
SFO,ACV
SFO,MMH
SFO,MDW
SFO,SMF
SFO,HDN
SFO,SAT
SFO,CVG
SFO,BOS
SFO,OGG
SFO,KOA
SFO,OKC
SFO,MRY
SFO,RNO
SFO,LAS
SFO,SBA
SFO,OMA
SFO,MSY
SFO,OTH
SFO,BFL
SFO,RDM
SFO,PSC
SFO,STL
SFO,SLC
SFO,ONT
SFO,FAT
SFO,BOI
SFO,RDD
SFO,SJC
SFO,EWR
SFO,JFK
SFO,IAH
SFO,MSP
SFO,SMX
SFO,MSO
SFO,BUR
SFO,ATL
SFO,BWI
SFO,MCO
SFO,MTJ
SFO,MIA
SFO,AUS
SFO,LIH
SFO,DFW
SFO,ORD
SFO,SBP
SGF,IAH
SGF,DEN
SGF,ORD
SGF,ATL
SGU,PHX
SGU,SLC
SGU,DEN
SHV,IAH
SHV,DEN
SHV,DFW
SHV,ATL
SIT,ANC
SIT,SEA
SIT,KTN
SIT,JNU
SJC,MDW
SJC,HNL
SJC,IAH
SJC,CLT
SJC,ATL
SJC,OGG
SJC,BWI
SJC,JFK
SJC,DEN
SJC,ONT
SJC,MSP
SJC,LWS
SJC,AUS
SJC,MRY
SJC,PHX
SJC,BOS
SJC,SNA
SJC,LIH
SJC,PDX
SJC,SAN
SJC,BUR
SJC,DAL
SJC,SLC
SJC,DFW
SJC,LAS
SJC,LAX
SJC,ORD
SJC,SEA
SJC,KOA
SJT,DFW
SJU,DTW
SJU,MCO
SJU,CLE
SJU,STT
SJU,JFK
SJU,EWR
SJU,FLL
SJU,BOS
SJU,CLT
SJU,ORD
SJU,BDL
SJU,MIA
SJU,STX
SJU,BWI
SJU,IAD
SJU,PHL
SJU,IAH
SJU,DCA
SJU,MSP
SJU,ATL
SJU,TPA
SJU,HOU
SJU,DFW
SLC,HOU
SLC,FAT
SLC,BWI
SLC,MDW
SLC,EWR
SLC,BZN
SLC,DAL
SLC,MSY
SLC,ONT
SLC,IDA
SLC,PSP
SLC,SUN
SLC,DTW
SLC,TWF
SLC,GJT
SLC,JAC
SLC,EKO
SLC,ANC
SLC,BUR
SLC,STL
SLC,WYS
SLC,PHL
SLC,SGU
SLC,EUG
SLC,BOI
SLC,CLT
SLC,BNA
SLC,PIH
SLC,IAH
SLC,RDM
SLC,MSO
SLC,HNL
SLC,DCA
SLC,ATL
SLC,RNO
SLC,LGB
SLC,HLN
SLC,BTM
SLC,CVG
SLC,ABQ
SLC,SEA
SLC,TUS
SLC,JFK
SLC,ASE
SLC,SAT
SLC,LAX
SLC,SAN
SLC,MSP
SLC,CDC
SLC,COS
SLC,COD
SLC,OMA
SLC,FCA
SLC,SJC
SLC,PSC
SLC,PDX
SLC,OAK
SLC,RDU
SLC,SMF
SLC,SFO
SLC,MSN
SLC,LWS
SLC,LAS
SLC,AUS
SLC,MCI
SLC,GEG
SLC,TUL
SLC,SNA
SLC,MCO
SLC,GCC
SLC,CPR
SLC,DFW
SLC,BIL
SLC,BOS
SLC,DEN
SLC,ORD
SLC,PHX
SLC,IND
SLC,GTF
SLC,OKC
SLC,DSM
SLC,MIA
SLC,MFR
SLC,RAP
SMF,BUR
SMF,IAH
SMF,SNA
SMF,SAN
SMF,SFO
SMF,DAL
SMF,ONT
SMF,PDX
SMF,LAS
SMF,LGB
SMF,MDW
SMF,SLC
SMF,SEA
SMF,LAX
SMF,DFW
SMF,DEN
SMF,JFK
SMF,MSP
SMF,IAD
SMF,BOI
SMF,PHX
SMF,CLT
SMF,BWI
SMF,OGG
SMF,ATL
SMF,RNO
SMF,ORD
SMF,BOS
SMF,HNL
SMX,SFO
SNA,LAS
SNA,EWR
SNA,MDW
SNA,SMF
SNA,MCI
SNA,DFW
SNA,SJC
SNA,OAK
SNA,STL
SNA,HOU
SNA,MSP
SNA,AUS
SNA,IAH
SNA,DAL
SNA,PHX
SNA,SEA
SNA,PDX
SNA,SFO
SNA,DEN
SNA,ORD
SNA,ATL
SNA,SLC
SPI,ORD
SPI,DFW
SPN,GUM
SPS,DFW
SRQ,LGA
SRQ,BOS
SRQ,JFK
SRQ,DTW
SRQ,ORD
SRQ,ATL
SRQ,EWR
STL,LAX
STL,TUL
STL,SEA
STL,ATL
STL,LIT
STL,SAT
STL,RDU
STL,PHL
STL,SNA
STL,EWR
STL,RSW
STL,ICT
STL,DSM
STL,DTW
STL,SAN
STL,ORD
STL,MSP
STL,PIT
STL,ECP
STL,DFW
STL,PDX
STL,MCO
STL,DEN
STL,IAH
STL,PHX
STL,CLT
STL,LAS
STL,TPA
STL,BOS
STL,OAK
STL,SFO
STL,CLE
STL,AUS
STL,BNA
STL,SLC
STL,BWI
STL,CMH
STL,DAL
STL,DCA
STL,FLL
STL,GRR
STL,HOU
STL,CVG
STL,OKC
STL,OMA
STL,MIA
STL,MKE
STL,MDW
STL,LGA
STL,MSY
STL,MCI
STT,ATL
STT,IAH
STT,CLT
STT,MIA
STT,SJU
STT,PHL
STT,EWR
STT,ORD
STT,IAD
STT,JFK
STT,BOS
STT,FLL
STX,SJU
STX,ATL
STX,MIA
STX,CLT
SUN,DEN
SUN,SEA
SUN,SLC
SUN,SFO
SUN,LAX
SWF,MCO
SWF,PBI
SWF,RSW
SWF,BOS
SWF,FLL
SYR,ORD
SYR,JFK
SYR,CLT
SYR,FLL
SYR,DTW
SYR,LGA
SYR,ITH
SYR,MCO
SYR,EWR
SYR,ATL
SYR,MSP
TLH,VLD
TLH,ECP
TLH,DFW
TLH,ATL
TPA,DEN
TPA,ACY
TPA,IAH
TPA,FLL
TPA,CLE
TPA,MIA
TPA,STL
TPA,LBE
TPA,PHX
TPA,ATL
TPA,SEA
TPA,HPN
TPA,GRR
TPA,TTN
TPA,EWR
TPA,SJU
TPA,CVG
TPA,BOS
TPA,JFK
TPA,ORD
TPA,LGA
TPA,BDL
TPA,LAX
TPA,DAY
TPA,DCA
TPA,MSP
TPA,PHL
TPA,IAD
TPA,DFW
TPA,CLT
TPA,AUS
TPA,BHM
TPA,ALB
TPA,BUF
TPA,SDF
TPA,SAT
TPA,ROC
TPA,RDU
TPA,PVD
TPA,PIT
TPA,MSY
TPA,MKE
TPA,MHT
TPA,BNA
TPA,MDW
TPA,MEM
TPA,FNT
TPA,BWI
TPA,CAK
TPA,CMH
TPA,DAL
TPA,MCI
TPA,ORF
TPA,DTW
TPA,IND
TPA,ISP
TPA,LAS
TPA,HOU
TRI,ATL
TTN,UST
TTN,PBI
TTN,FLL
TTN,PGD
TTN,ATL
TTN,DTW
TTN,TPA
TTN,RSW
TTN,MCO
TTN,ORD
TTN,RDU
TTN,CLT
TUL,HOU
TUL,MSP
TUL,DFW
TUL,ORD
TUL,MIA
TUL,IAH
TUL,STL
TUL,DEN
TUL,DAL
TUL,LAS
TUL,DTW
TUL,PHX
TUL,MDW
TUL,ATL
TUL,SLC
TUS,MDW
TUS,SAN
TUS,HOU
TUS,LAX
TUS,SEA
TUS,DEN
TUS,SFO
TUS,ATL
TUS,OAK
TUS,IAH
TUS,LAS
TUS,PHX
TUS,JFK
TUS,SLC
TUS,DFW
TUS,MSP
TUS,ORD
TUS,PDX
TVC,LGA
TVC,DTW
TVC,MSP
TVC,ORD
TVC,ATL
TVC,EWR
TWF,SLC
TWF,DEN
TWF,LAX
TWF,SUN
TWF,SFO
TWF,SEA
TXK,DFW
TYR,IAH
TYR,DFW
TYS,DFW
TYS,DEN
TYS,ORD
TYS,LGA
TYS,ATL
TYS,DTW
TYS,IAH
TYS,EWR
TYS,BNA
UST,TTN
UST,ORD
UST,PHL
VLD,ATL
VPS,DFW
VPS,ATL
VPS,IAH
WRG,KTN
WRG,PSG
WYS,SLC
XNA,CVG
XNA,IAH
XNA,DFW
XNA,ATL
XNA,DEN
XNA,LGA
XNA,EWR
XNA,MSP
XNA,IND
XNA,SFO
XNA,ORD
YAK,CDV
YAK,JNU
YUM,PHX
